make,InnerLink
Abarth,https://www.cars-data.com/en/abarth
Aiways,https://www.cars-data.com/en/aiways
Alfa Romeo,https://www.cars-data.com/en/alfa-romeo
Alpine,https://www.cars-data.com/en/alpine
Asia Motors,https://www.cars-data.com/en/asia-motors
Aston Martin,https://www.cars-data.com/en/aston-martin
Audi,https://www.cars-data.com/en/audi
Austin,https://www.cars-data.com/en/austin
Autobianchi,https://www.cars-data.com/en/autobianchi
Bentley,https://www.cars-data.com/en/bentley
BMW,https://www.cars-data.com/en/bmw
Bugatti,https://www.cars-data.com/en/bugatti
Buick,https://www.cars-data.com/en/buick
Cadillac,https://www.cars-data.com/en/cadillac
Carver,https://www.cars-data.com/en/carver
Chevrolet,https://www.cars-data.com/en/chevrolet
Chrysler,https://www.cars-data.com/en/chrysler
Citroen,https://www.cars-data.com/en/citroen
Corvette,https://www.cars-data.com/en/corvette
Cupra,https://www.cars-data.com/en/cupra
Dacia,https://www.cars-data.com/en/dacia
Daewoo,https://www.cars-data.com/en/daewoo
Daihatsu,https://www.cars-data.com/en/daihatsu
Daimler,https://www.cars-data.com/en/daimler
Datsun,https://www.cars-data.com/en/datsun
Dodge,https://www.cars-data.com/en/dodge
Donkervoort,https://www.cars-data.com/en/donkervoort
DS,https://www.cars-data.com/en/ds
Ferrari,https://www.cars-data.com/en/ferrari
Fiat,https://www.cars-data.com/en/fiat
Fisker,https://www.cars-data.com/en/fisker
Ford,https://www.cars-data.com/en/ford
FSO,https://www.cars-data.com/en/fso
Galloper,https://www.cars-data.com/en/galloper
Honda,https://www.cars-data.com/en/honda
Hummer,https://www.cars-data.com/en/hummer
Hyundai,https://www.cars-data.com/en/hyundai
Infiniti,https://www.cars-data.com/en/infiniti
Innocenti,https://www.cars-data.com/en/innocenti
Iveco,https://www.cars-data.com/en/iveco
Jaguar,https://www.cars-data.com/en/jaguar
Jeep,https://www.cars-data.com/en/jeep
Josse,https://www.cars-data.com/en/josse
Kia,https://www.cars-data.com/en/kia
Lada,https://www.cars-data.com/en/lada
Lamborghini,https://www.cars-data.com/en/lamborghini
Lancia,https://www.cars-data.com/en/lancia
Land Rover,https://www.cars-data.com/en/land-rover
Landwind,https://www.cars-data.com/en/landwind
Lexus,https://www.cars-data.com/en/lexus
Lincoln,https://www.cars-data.com/en/lincoln
Lotus,https://www.cars-data.com/en/lotus
Marcos,https://www.cars-data.com/en/marcos
Maserati,https://www.cars-data.com/en/maserati
Maybach,https://www.cars-data.com/en/maybach
Mazda,https://www.cars-data.com/en/mazda
McLaren,https://www.cars-data.com/en/mclaren
Mega,https://www.cars-data.com/en/mega
Mercedes-Benz,https://www.cars-data.com/en/mercedes-benz
Mercury,https://www.cars-data.com/en/mercury
MG,https://www.cars-data.com/en/mg
Mini,https://www.cars-data.com/en/mini
Mitsubishi,https://www.cars-data.com/en/mitsubishi
Morgan,https://www.cars-data.com/en/morgan
Morris,https://www.cars-data.com/en/morris
Nissan,https://www.cars-data.com/en/nissan
Noble,https://www.cars-data.com/en/noble
Opel,https://www.cars-data.com/en/opel
Peugeot,https://www.cars-data.com/en/peugeot
PGO,https://www.cars-data.com/en/pgo
Polestar,https://www.cars-data.com/en/polestar
Pontiac,https://www.cars-data.com/en/pontiac
Porsche,https://www.cars-data.com/en/porsche
Princess,https://www.cars-data.com/en/princess
Renault,https://www.cars-data.com/en/renault
Rolls-Royce,https://www.cars-data.com/en/rolls-royce
Rover,https://www.cars-data.com/en/rover
Saab,https://www.cars-data.com/en/saab
Seat,https://www.cars-data.com/en/seat
Skoda,https://www.cars-data.com/en/skoda
Smart,https://www.cars-data.com/en/smart
Spectre,https://www.cars-data.com/en/spectre
Ssangyong,https://www.cars-data.com/en/ssangyong
Subaru,https://www.cars-data.com/en/subaru
Suzuki,https://www.cars-data.com/en/suzuki
Talbot,https://www.cars-data.com/en/talbot
Tesla,https://www.cars-data.com/en/tesla
Think,https://www.cars-data.com/en/think
Toyota,https://www.cars-data.com/en/toyota
Triumph,https://www.cars-data.com/en/triumph
TVR,https://www.cars-data.com/en/tvr
Volkswagen,https://www.cars-data.com/en/volkswagen
Volvo,https://www.cars-data.com/en/volvo
Yugo,https://www.cars-data.com/en/yugo
