make,model,InnerLink
Abarth,Abarth 595 Cabrio,https://www.cars-data.com/en/abarth/595-cabrio
Aiways,Aiways U5,https://www.cars-data.com/en/aiways/u5
Alfa Romeo,Alfa Romeo 4C Spider,https://www.cars-data.com/en/alfa-romeo/4c-spider
Alpine,Alpine A110,https://www.cars-data.com/en/alpine/a110
Asia Motors,Asia Motors Rocsta,https://www.cars-data.com/en/asia-motors/rocsta
Aston Martin,Aston Martin DB11 Coupe,https://www.cars-data.com/en/aston-martin/db11-coupe
Audi,Audi RS5 Sportback,https://www.cars-data.com/en/audi/rs5-sportback
Austin,Austin Maestro,https://www.cars-data.com/en/austin/maestro
Autobianchi,Autobianchi A112,https://www.cars-data.com/en/autobianchi/a112
Bentley,Bentley Continental GT Convertible,https://www.cars-data.com/en/bentley/continental-gt-convertible
BMW,BMW 8-series Cabrio,https://www.cars-data.com/en/bmw/8-series-cabrio
Bugatti,Bugatti Veyron,https://www.cars-data.com/en/bugatti/veyron
Buick,Buick Park Avenue,https://www.cars-data.com/en/buick/park-avenue
Cadillac,Cadillac ATS Coupe,https://www.cars-data.com/en/cadillac/ats-coupe
Carver,Carver One,https://www.cars-data.com/en/carver/one
Chevrolet,Chevrolet Volt,https://www.cars-data.com/en/chevrolet/volt
Chrysler,Chrysler 300C Touring,https://www.cars-data.com/en/chrysler/300c-touring
Citroen,Citroen Ã«-C4,https://www.cars-data.com/en/citroen/a-c4
Corvette,Corvette C6 Coupe,https://www.cars-data.com/en/corvette/c6-coupe
Cupra,Cupra Leon,https://www.cars-data.com/en/cupra/leon
Dacia,Dacia Lodgy,https://www.cars-data.com/en/dacia/lodgy
Daewoo,Daewoo Kalos,https://www.cars-data.com/en/daewoo/kalos
Daihatsu,Daihatsu Sirion 2,https://www.cars-data.com/en/daihatsu/sirion-2
Daimler,Daimler Six,https://www.cars-data.com/en/daimler/six
Datsun,Datsun Bluebird Combi,https://www.cars-data.com/en/datsun/bluebird-combi
Dodge,Dodge Nitro,https://www.cars-data.com/en/dodge/nitro
Donkervoort,Donkervoort D8,https://www.cars-data.com/en/donkervoort/d8
DS,DS DS7 Crossback,https://www.cars-data.com/en/ds/7-crossback
Ferrari,Ferrari F8 Spider,https://www.cars-data.com/en/ferrari/f8-spider
Fiat,Fiat 500L Wagon,https://www.cars-data.com/en/fiat/500l-wagon
Fisker,Fisker Karma,https://www.cars-data.com/en/fisker/karma
Ford,Ford C-MAX Energi,https://www.cars-data.com/en/ford/c-max-energi
FSO,FSO Classic,https://www.cars-data.com/en/fso/classic
Galloper,Galloper Galloper,https://www.cars-data.com/en/galloper/galloper
Honda,Honda CR-Z,https://www.cars-data.com/en/honda/cr-z
Hummer,Hummer H2,https://www.cars-data.com/en/hummer/h2
Hyundai,Hyundai Nexo,https://www.cars-data.com/en/hyundai/nexo
Infiniti,Infiniti Q70,https://www.cars-data.com/en/infiniti/q70
Innocenti,Innocenti 90/120,https://www.cars-data.com/en/innocenti/90-120
Iveco,Iveco Daily,https://www.cars-data.com/en/iveco/daily
Jaguar,Jaguar F-Pace,https://www.cars-data.com/en/jaguar/f-pace
Jeep,Jeep Renegade,https://www.cars-data.com/en/jeep/renegade
Josse,Josse Indigo 3000,https://www.cars-data.com/en/josse/indigo-3000
Kia,Kia e-Niro,https://www.cars-data.com/en/kia/e-niro
Lada,Lada Priora 2172,https://www.cars-data.com/en/lada/priora-2172
Lamborghini,Lamborghini HuracÃ¡n,https://www.cars-data.com/en/lamborghini/huracan
Lancia,Lancia Voyager,https://www.cars-data.com/en/lancia/voyager
Land Rover,Land Rover Discovery Sport,https://www.cars-data.com/en/land-rover/discovery-sport
Landwind,Landwind Landwind,https://www.cars-data.com/en/landwind/landwind
Lexus,Lexus UX,https://www.cars-data.com/en/lexus/ux
Lincoln,Lincoln Town Car,https://www.cars-data.com/en/lincoln/town-car
Lotus,Lotus Exige,https://www.cars-data.com/en/lotus/exige
Marcos,Marcos Mantara,https://www.cars-data.com/en/marcos/mantara
Maserati,Maserati GranTurismo,https://www.cars-data.com/en/maserati/granturismo
Maybach,Maybach 62,https://www.cars-data.com/en/maybach/62
Mazda,Mazda MX-5 RF,https://www.cars-data.com/en/mazda/mx-5-rf
McLaren,Mclaren 720S,https://www.cars-data.com/en/mclaren/mclaren-720s
Mega,Mega Tjaffer,https://www.cars-data.com/en/mega/tjaffer
Mercedes-Benz,Mercedes-Benz eSprinter,https://www.cars-data.com/en/mercedes-benz/esprinter
Mercury,Mercury Sable,https://www.cars-data.com/en/mercury/sable
MG,MG ZS,https://www.cars-data.com/en/mg/zs
Mini,Mini Roadster,https://www.cars-data.com/en/mini/roadster
Mitsubishi,Mitsubishi L200 Double Cab,https://www.cars-data.com/en/mitsubishi/l200-double-cab
Morgan,Morgan Aero Coupe,https://www.cars-data.com/en/morgan/aero-coupe
Morris,Morris Marina,https://www.cars-data.com/en/morris/marina
Nissan,Nissan NP300 Navara King Cab,https://www.cars-data.com/en/nissan/np300-navara-king-cab
Noble,Noble M400,https://www.cars-data.com/en/noble/m400
Opel,Opel Corsa-e,https://www.cars-data.com/en/opel/corsa-e
Peugeot,Peugeot e-Expert Combi,https://www.cars-data.com/en/peugeot/e-expert-combi
PGO,PGO Speedster 2,https://www.cars-data.com/en/pgo/speedster-2
Polestar,Polestar 2,https://www.cars-data.com/en/polestar/2
Pontiac,Pontiac Firebird Coupe,https://www.cars-data.com/en/pontiac/firebird-coupe
Porsche,Porsche Panamera Sport Turismo,https://www.cars-data.com/en/porsche/panamera-sport-turismo
Princess,Princess 2000,https://www.cars-data.com/en/princess/2000
Renault,Renault Talisman,https://www.cars-data.com/en/renault/talisman
Rolls-Royce,Rolls-Royce Wraith,https://www.cars-data.com/en/rolls-royce/wraith
Rover,Rover 75 Tourer,https://www.cars-data.com/en/rover/75-tourer
Saab,Saab 9-7X,https://www.cars-data.com/en/saab/9-7x
Seat,Seat Tarraco,https://www.cars-data.com/en/seat/tarraco
Skoda,Skoda Kamiq,https://www.cars-data.com/en/skoda/kamiq
Smart,Smart forfour,https://www.cars-data.com/en/smart/forfour
Spectre,Spectre R42,https://www.cars-data.com/en/spectre/r42
Ssangyong,Ssangyong Tivoli,https://www.cars-data.com/en/ssangyong/ssangyong-tivoli
Subaru,Subaru XV,https://www.cars-data.com/en/subaru/xv
Suzuki,Suzuki Vitara,https://www.cars-data.com/en/suzuki/vitara
Talbot,Talbot Tagora,https://www.cars-data.com/en/talbot/tagora
Tesla,Tesla Model X,https://www.cars-data.com/en/tesla/model-x
Think,Think City,https://www.cars-data.com/en/think/city
Toyota,Toyota Corolla Sedan,https://www.cars-data.com/en/toyota/corolla-sedan
Triumph,Triumph TR7 Coupe,https://www.cars-data.com/en/triumph/tr7-coupe
TVR,TVR Chimaera,https://www.cars-data.com/en/tvr/chimaera
Volkswagen,Volkswagen Caddy Cargo,https://www.cars-data.com/en/volkswagen/caddy-cargo
Volvo,Volvo XC60,https://www.cars-data.com/en/volvo/xc60
Yugo,Yugo 45/55,https://www.cars-data.com/en/yugo/45-55
